Date,Time,Species_Name,Age,latitude,longitude,accuracy,Village_Name,Site_Type
20/10/2022,21:17:54,Spectacled Cobra (Naja naja),Adult,22.825618,88.193302,8,Vola,Backyard/ Front Garden
09/10/2022,22:07:56,Common Krait (Bungarus caeruleus),Adult,22.838408,88.184937,3,Kinkarbati,Backyard/ Front Garden
05/10/2022,07:51:39,Checkered Keelback (Fowlea piscator),Adult,22.844049,88.185826,6,Kinkarbati,Backyard/ Front Garden
25/09/2022,17:38:11,Common Wolf Snake (Lycodon aulicus),Adult,22.844707,88.192433,3,Madhusudan pur,Store Room
23/09/2022,11:22:21,Spectacled Cobra (Naja naja),Adult,22.877158,88.216097,3,Mosttikri,Backyard/ Front Garden
15/09/2022,11:44:23,Banded Krait (Bungarus fasciatus),Adult,22.843985,88.178064,6,Kinkarbati,Backyard/ Front Garden
03/09/2022,17:18:53,Common Wolf Snake (Lycodon aulicus),Juvenile,22.818245,88.221188,3,Singur,Backyard/ Front Garden
30/08/2022,23:40:42,Common Krait (Bungarus caeruleus),Adult,22.822564,88.182319,4,Enayetpur,Backyard/ Front Garden
27/08/2022,20:11:09,Common Krait (Bungarus caeruleus),Sub-Adult,,,,"Kinkarbati dakshin para , hooghly",Backyard/ Front Garden
10/08/2022,22:48:10,Spectacled Cobra (Naja naja),Sub-Adult,22.821798,88.111419,4,Haripal Moshai More,Bird Cage
15/07/2022,08:32:41,Monocled Cobra (Naja kaouthia),Adult,22.852636,88.190499,3,Banejomuna,Fishing Net
27/06/2022,21:32:01,Spectacled Cobra (Naja naja),Sub-Adult,22.841943,88.177922,3,Kinkarbati,Kitchen
27/06/2022,20:30:14,Banded Krait (Bungarus fasciatus),Adult,,,,"Kinkarbati kadamtala,hooghly, west bengal",Fishing Net
25/06/2022,21:34:51,Common Wolf Snake (Lycodon aulicus),Sub-Adult,22.649655,88.0885,4,Muncharhat,Store Room
18/06/2022,23:24:23,Banded Krait (Bungarus fasciatus),Juvenile,22.85207,88.169325,3,Delalpur,Backyard/ Front Garden
18/06/2022,17:53:34,Spectacled Cobra (Naja naja),Adult,22.711411,88.172396,4,Chotochughara hooghly,Kitchen
12/06/2022,20:59:07,Banded Krait (Bungarus fasciatus),Juvenile,22.831456,88.168084,5,Moera para,Kitchen
11/06/2022,14:31:50,Spectacled Cobra (Naja naja),Adult,22.771549,88.171406,5,Sripatipur,Bedroom
09/06/2022,20:20:44,Spectacled Cobra (Naja naja),Adult,22.82495,88.173829,4,Kulipada,Backyard/ Front Garden
09/06/2022,12:58:47,Russell's Viper (Daboia russelii),Sub-Adult,22.623816,88.091097,4,Santoshpur,Fishing Net
07/06/2022,13:23:05,Spectacled Cobra (Naja naja),Sub-Adult,22.742403,88.243162,4,Kharsarai,Cow Shed
06/06/2022,14:21:17,Spectacled Cobra (Naja naja),Adult,22.72812,87.954231,4,Gaja,Courtyard
04/06/2022,13:37:32,Spectacled Cobra (Naja naja),Adult,22.862073,88.284472,4,Khanpukur,Cow Shed
01/06/2022,06:20:29,Common Rat Snake (Ptyas mucosa),Adult,22.678935,88.269817,4,Garalgacha,Bedroom
30/05/2022,22:54:18,Spectacled Cobra (Naja naja),Adult,22.753407,88.222271,4,Gangadharpur,Bedroom
29/05/2022,23:55:50,Russell's Viper (Daboia russelii),Adult,22.613607,88.20587,4,Begri,Backyard/ Front Garden
29/05/2022,23:29:05,Russell's Viper (Daboia russelii),Adult,22.636393,88.21658,4,Domjur,Backyard/ Front Garden
25/05/2022,22:50:25,Spectacled Cobra (Naja naja),Adult,22.690855,88.24869,5,Kalachara,Courtyard
25/05/2022,21:12:09,Russell's Viper (Daboia russelii),Sub-Adult,22.74103,88.243936,4,Begampore,Store Room
23/05/2022,23:26:29,Russell's Viper (Daboia russelii),Sub-Adult,22.824265,88.301525,4,Palara,Store Room
22/05/2022,16:57:42,Russell's Viper (Daboia russelii),Sub-Adult,22.649028,88.268073,4,Gayeshpur,Bathroom
21/05/2022,13:09:51,Banded Krait (Bungarus fasciatus),Adult,22.716877,88.323825,4,Bamunari,Fishing Net
19/05/2022,13:29:43,Common Krait (Bungarus caeruleus),Adult,22.712858,87.940718,5,Udaynarayanpur,Bedroom
18/05/2022,22:46:46,Common Rat Snake (Ptyas mucosa),Adult,22.670295,88.312687,4,Raghunathpur,Backyard/ Front Garden
13/05/2022,16:00:18,Common Kukri Snake (Oligodon arnensis),Adult,22.727151,87.952175,4,Udaynarayanpur,Cow Shed
13/05/2022,15:59:00,Spectacled Cobra (Naja naja),Adult,22.727065,87.952192,4,Udaynarayanpur,Cow Shed
13/05/2022,15:52:02,Spectacled Cobra (Naja naja),Adult,22.727087,87.952134,5,Udaynarayanpur,Cow Shed
12/05/2022,08:52:53,Russell's Viper (Daboia russelii),Adult,22.681135,88.27104,4,Garalgacha,Backyard/ Front Garden
11/05/2022,12:56:27,Russell's Viper (Daboia russelii),Adult,22.619292,88.269358,3,Salap,Backyard/ Front Garden
11/05/2022,07:49:07,Russell's Viper (Daboia russelii),Adult,22.689143,88.281223,5,Gobra,Backyard/ Front Garden
11/05/2022,07:14:05,Spectacled Cobra (Naja naja),Sub-Adult,22.667576,88.276905,5,Monber,Chicken/ Duck Pen
09/05/2022,09:26:49,Monocled Cobra (Naja kaouthia),Adult,22.776266,88.309102,4,Piyarapur,Fishing Traps
07/05/2022,22:44:20,Russell's Viper (Daboia russelii),Sub-Adult,22.732712,88.255883,5,Begampur,Courtyard
07/05/2022,09:33:32,Common Rat Snake (Ptyas mucosa),Adult,22.77521,88.175689,4,Sripatipur,Store Room
30/04/2022,20:17:09,Checkered Keelback (Fowlea piscator),Adult,22.829582,88.176033,7,Bargachia,Bedroom
29/04/2022,12:51:11,Red Sand Boa (Eryx Johnii),Adult,22.565968,88.311379,5,Shibpur,Courtyard
28/04/2022,23:58:21,Spectacled Cobra (Naja naja),Adult,22.836539,87.977604,6,Champadanga,Bedroom
27/04/2022,22:29:41,Common Krait (Bungarus caeruleus),Sub-Adult,22.726703,88.208283,2,Jangalpara,Courtyard
24/04/2022,20:29:26,Russell's Viper (Daboia russelii),Adult,22.73277,88.255874,4,Begampur,Backyard/ Front Garden
22/04/2022,13:15:36,Spectacled Cobra (Naja naja),Adult,22.721114,88.247045,4,Baksa,Pond
21/04/2022,13:16:24,Spectacled Cobra (Naja naja),Adult,23.068903,88.143803,3,Barul,Backyard/ Front Garden
21/04/2022,11:38:14,Spectacled Cobra (Naja naja),Sub-Adult,22.731663,88.228596,4,Khoragarh,Store Room
21/04/2022,10:08:14,Banded Krait (Bungarus fasciatus),Adult,22.63816,88.264475,3,Jodhgiri,Fishing Net
20/04/2022,00:34:40,Spectacled Cobra (Naja naja),Adult,22.848202,88.158703,2,Nalikul,Cow Shed
17/04/2022,11:46:00,Common Vine Snake (Ahaetulla nasuta),Adult,22.649799,88.088803,5,Muncharhat,Kitchen
16/04/2022,13:12:12,Russell's Viper (Daboia russelii),Adult,22.649717,88.31195,2,Dakhin joypur,Fishing Net
11/04/2022,14:03:10,Common Rat Snake (Ptyas mucosa),Sub-Adult,22.650044,88.326018,2,Nischinda,Bedroom
10/04/2022,13:47:07,Checkered Keelback (Fowlea piscator),Sub-Adult,22.76874,88.330363,4,Seaoraphuli,Backyard/ Front Garden
10/04/2022,11:55:01,Spectacled Cobra (Naja naja),Adult,22.824592,88.181374,4,Enayetpur kalitala,Store Room
09/04/2022,10:11:16,Spectacled Cobra (Naja naja),Juvenile,22.69546,88.275818,4,Gobra,Store Room
07/04/2022,16:49:37,Spectacled Cobra (Naja naja),Adult,22.780849,87.976089,3,Porsura,Courtyard
07/04/2022,14:17:40,Russell's Viper (Daboia russelii),Sub-Adult,22.769025,88.333036,7,Sreerampore,Store Room
07/04/2022,10:38:13,Banded Krait (Bungarus fasciatus),Adult,22.798905,88.165601,3,Almpur,Fishing Net
06/04/2022,03:10:00,Common Wolf Snake (Lycodon aulicus),Sub-Adult,22.649915,88.088756,11,Muncharhat,Bedroom
05/04/2022,12:18:16,Spectacled Cobra (Naja naja),Adult,22.813712,88.244702,6,Mallikpur,Backyard/ Front Garden
01/04/2022,22:34:15,Spectacled Cobra (Naja naja),Adult,22.696462,88.249981,2,Kalachara,Courtyard
29/03/2022,20:13:03,Common Wolf Snake (Lycodon aulicus),Adult,22.682111,88.293207,3,Dankuni,Bedroom
29/03/2022,19:05:29,Common Rat Snake (Ptyas mucosa),Adult,22.722228,88.269105,2,Janai,Backyard/ Front Garden
28/03/2022,16:43:44,Spectacled Cobra (Naja naja),Sub-Adult,22.728873,88.20871,3,Jangalpara,Kitchen
24/03/2022,20:54:40,Monocled Cobra (Naja kaouthia),Juvenile,,,,"Bora,baharampur",Fishing Traps
24/03/2022,19:57:59,Spectacled Cobra (Naja naja),Sub-Adult,22.69755,88.262002,2,"Chanditala,sitalatala",Bathroom
24/03/2022,12:56:44,Common Sand Boa (Eryx conicus),Sub-Adult,22.681712,88.277785,3,Kalipur Das para,Bird Cage
22/03/2022,22:48:00,Common Krait (Bungarus caeruleus),Juvenile,22.828396,88.169826,4,Simultala,Backyard/ Front Garden
19/03/2022,20:53:11,Russell's Viper (Daboia russelii),Adult,22.796937,88.239777,3,Paltagar school dhar,Bathroom
19/03/2022,20:52:21,Spectacled Cobra (Naja naja),Adult,22.827951,88.170206,5,Santra niwas,Bathroom
15/03/2022,21:45:17,Spectacled Cobra (Naja naja),Adult,22.791492,88.237748,6,paltagarh,Bedroom
15/03/2022,18:21:43,Common Cat Snake (Boiga trigonata),Adult,22.797852,88.235223,2,Paltagar talsari,Fishing Net
15/03/2022,17:16:29,Spectacled Cobra (Naja naja),Adult,22.781957,88.234999,4,jalapara,Backyard/ Front Garden
14/03/2022,22:49:55,Common Wolf Snake (Lycodon aulicus),Adult,22.828262,88.169886,5,Simultala,Backyard/ Front Garden
14/03/2022,19:36:37,Checkered Keelback (Fowlea piscator),Adult,22.794445,88.238192,2,Paltagar school dhar,Backyard/ Front Garden
14/03/2022,16:07:47,Russell's Viper (Daboia russelii),Adult,22.794028,88.23791,6,Paltagar school dhar,Store Room
12/03/2022,13:24:44,Spectacled Cobra (Naja naja),Adult,22.796453,88.327217,4,baidyabati,Store Room
12/03/2022,09:41:54,Russell's Viper (Daboia russelii),Adult,22.81024,88.22392,3,Jolaghata,Backyard/ Front Garden
10/03/2022,12:25:31,Spectacled Cobra (Naja naja),Adult,22.822419,88.177987,6,"Kalitala, Post Office",Store Room
08/03/2022,11:17:12,Diard's Worm Snake (Typhlops diardii),Adult,22.752554,88.219627,4,gangadharpur,Backyard/ Front Garden
08/03/2022,11:12:19,Russell's Viper (Daboia russelii),Adult,22.752537,88.219673,2,Dhokhin ghonga dhar pur,Backyard/ Front Garden
07/03/2022,15:38:17,Common Bronzeback (Dendrelaphis tristis),Adult,22.827269,88.169758,7,Nalikul Electric office,Shop
07/03/2022,12:07:07,Spectacled Cobra (Naja naja),Adult,22.838276,88.121372,4,"Gopinagar, Haripal",Store Room
07/03/2022,09:33:05,Common Vine Snake (Ahaetulla nasuta),Adult,22.702568,88.271639,4,naity monosha tala,Bedroom
06/03/2022,12:22:59,Spectacled Cobra (Naja naja),Adult,22.804783,88.23009,2,SINGUR  ATCHALA,Backyard/ Front Garden
06/03/2022,10:14:33,Spectacled Cobra (Naja naja),Sub-Adult,22.814074,88.23687,9,singur,Backyard/ Front Garden
04/03/2022,23:35:37,Checkered Keelback (Fowlea piscator),Adult,22.826576,88.178298,4,Ruppoor,Store Room
21/02/2022,13:11:59,Spectacled Cobra (Naja naja),Adult,22.942281,88.206758,9,Gourangapur,Store Room
17/02/2022,12:24:44,Spectacled Cobra (Naja naja),Adult,22.851092,88.199087,3,Madhusudanpur,Bedroom
16/02/2022,21:10:19,Common Wolf Snake (Lycodon aulicus),Juvenile,22.796352,88.240988,4,Paltagar kontol dhar,Bathroom
14/02/2022,20:20:09,Checkered Keelback (Fowlea piscator),Adult,22.814691,88.184155,9,Mohisgoth,Store Room
13/02/2022,13:36:42,Common Bronzeback (Dendrelaphis tristis),Adult,22.796247,88.208738,4,siburambati,Backyard/ Front Garden
04/02/2022,18:10:30,Spectacled Cobra (Naja naja),Adult,22.837504,88.188153,3,Kinkarbati,Backyard/ Front Garden
01/02/2022,13:09:55,Spectacled Cobra (Naja naja),Sub-Adult,22.837183,88.187994,9,Kinkarbati,Backyard/ Front Garden
01/02/2022,12:08:28,Russell's Viper (Daboia russelii),Adult,22.799918,88.208882,2,Bolorambati sibtola,Backyard/ Front Garden
30/01/2022,10:36:56,Russell's Viper (Daboia russelii),Adult,22.810083,88.223933,4,Jalaghata,Backyard/ Front Garden
27/01/2022,23:14:31,Spectacled Cobra (Naja naja),Juvenile,22.776977,88.081308,3,Bhurkul jagalgari,Backyard/ Front Garden
26/01/2022,16:57:33,Russell's Viper (Daboia russelii),Adult,22.839919,88.179781,3,Gopinathpur,Backyard/ Front Garden
26/01/2022,12:16:04,Spectacled Cobra (Naja naja),Adult,22.84441,88.185322,4,Kinkarbati,Backyard/ Front Garden
23/01/2022,11:39:31,Spectacled Cobra (Naja naja),Adult,22.825584,88.193786,8,Bhola,Store Room
19/01/2022,11:32:59,Spectacled Cobra (Naja naja),Adult,22.766175,88.262648,7,Bora talyarmor nare bit house,Backyard/ Front Garden
18/01/2022,14:56:11,Spectacled Cobra (Naja naja),Adult,22.787548,88.236765,4,Biramnagar,Backyard/ Front Garden
16/01/2022,16:32:27,Common Bronzeback (Dendrelaphis tristis),Juvenile,22.828317,88.169839,4,Simultala,Backyard/ Front Garden
08/01/2022,08:49:48,Spectacled Cobra (Naja naja),Sub-Adult,22.786913,88.223085,7,Jogot nagar,Store Room
06/01/2022,13:05:37,Common Wolf Snake (Lycodon aulicus),Adult,22.813348,88.229297,6,Singur,Store Room
05/01/2022,11:03:31,Russell's Viper (Daboia russelii),Adult,,,,Kinkarbati,Backyard/ Front Garden
04/01/2022,09:35:00,Common Wolf Snake (Lycodon aulicus),Adult,22.649874,88.088677,4,Munshihat Nandapur,Store Room
04/01/2022,10:28:57,Spectacled Cobra (Naja naja),Adult,22.774498,88.232175,2,Sampur,Backyard/ Front Garden
01/01/2022,14:55:42,Spectacled Cobra (Naja naja),Adult,22.911873,87.769987,5,Xyz,Bathroom
31/12/2021,22:18:38,Russell's Viper (Daboia russelii),Adult,22.822844,88.111026,4,Haripal moshai mor,Store Room
28/12/2021,16:42:18,Russell's Viper (Daboia russelii),Adult,22.752858,88.323063,4,150 (66-1)shrirampur,Backyard/ Front Garden
24/12/2021,19:32:12,Checkered Keelback (Fowlea piscator),Adult,22.789842,88.233096,5,Uttor mamudpur,Fishing Net
24/12/2021,22:55:00,Monocled Cobra (Naja kaouthia),Adult,22.81425,88.110476,4,Haripal paschim joy Krishna pur,Bedroom
22/12/2021,21:56:46,Spectacled Cobra (Naja naja),Adult,22.80856,88.109895,4,Haripal hazrapur,Canal
21/12/2021,19:11:34,Common Wolf Snake (Lycodon aulicus),Sub-Adult,22.794833,88.242804,4,paltagarh,Bedroom
21/12/2021,17:36:30,Russell's Viper (Daboia russelii),Sub-Adult,22.780081,88.238062,4,Jalapara,Backyard/ Front Garden
19/12/2021,13:38:42,Russell's Viper (Daboia russelii),Juvenile,22.847938,88.183455,3,Kinkarbati,Backyard/ Front Garden
18/12/2021,17:58:55,Russell's Viper (Daboia russelii),Adult,22.781347,88.326906,7,Baidyabati Baidyapara.,Backyard/ Front Garden
12/12/2021,14:53:27,Russell's Viper (Daboia russelii),Adult,22.803125,88.226213,9,Jolaghata,Backyard/ Front Garden
10/12/2021,17:04:40,Spectacled Cobra (Naja naja),Adult,22.795354,88.275737,4,Gobindapur,Bedroom
06/12/2021,16:02:16,Checkered Keelback (Fowlea piscator),Adult,22.789647,88.233097,4,Mirzapur,Fishing Net
03/12/2021,12:51:02,Russell's Viper (Daboia russelii),Adult,22.841545,88.182787,5,Kinkarbati school,Store Room
02/12/2021,20:23:16,Banded Krait (Bungarus fasciatus),Adult,22.786273,88.23708,6,Biramnagar,Backyard/ Front Garden
01/12/2021,22:01:41,Common Wolf Snake (Lycodon aulicus),Adult,22.826859,88.178002,4,Ruppur,Kitchen
01/12/2021,19:55:33,Checkered Keelback (Fowlea piscator),Adult,22.802101,88.241525,4,gha,Backyard/ Front Garden
01/12/2021,13:10:33,Spectacled Cobra (Naja naja),Adult,22.681668,88.277805,10,Kalipur,Kitchen
30/11/2021,15:08:33,Spectacled Cobra (Naja naja),Sub-Adult,,,,Kinkar bari dakshin para,Bathroom
28/11/2021,10:25:00,Spectacled Cobra (Naja naja),Adult,,,,Kinkarbati,
28/11/2021,20:49:35,Spectacled Cobra (Naja naja),Juvenile,22.793557,88.246907,7,Raypara,Kitchen
23/11/2021,22:33:29,Spectacled Cobra (Naja naja),Adult,22.793316,88.241244,4,paltagarh,Backyard/ Front Garden
23/11/2021,20:26:25,Russell's Viper (Daboia russelii),Adult,22.795496,88.251188,8,Telipukur,Backyard/ Front Garden
22/11/2021,09:00:52,Common Krait (Bungarus caeruleus),Adult,22.824988,88.19479,5,Bhola,Backyard/ Front Garden
21/11/2021,23:05:06,Russell's Viper (Daboia russelii),Adult,22.791367,88.228019,4,mirzapur santra para.,Store Room
19/11/2021,16:23:02,Common Rat Snake (Ptyas mucosa),Adult,22.787733,88.238008,4,Biramnagar,Store Room
18/11/2021,18:18:23,Monocled Cobra (Naja kaouthia),Juvenile,22.669673,88.129824,4,Godaria,Shop
17/11/2021,15:36:36,Russell's Viper (Daboia russelii),Adult,22.67263,88.302135,9,Dankuni anmol,Store Room
17/11/2021,11:49:44,Common Rat Snake (Ptyas mucosa),Adult,22.82991,88.203444,4,uchitpur singur.,Store Room
16/11/2021,12:44:18,Common Rat Snake (Ptyas mucosa),Sub-Adult,22.779722,88.213788,4,siburambati,Bedroom
08/11/2021,18:44:05,Banded Krait (Bungarus fasciatus),Adult,22.824099,88.198813,5,Vola,Backyard/ Front Garden
08/11/2021,17:53:08,Yellow-speckled Wolf Snake (Lycodon jara),Adult,22.821016,88.210098,3,Kamarkundu,Backyard/ Front Garden
08/11/2021,12:28:59,Common Rat Snake (Ptyas mucosa),Adult,22.516904,88.392996,4,"140 Rajdanga Chakraborty para,kasba,kolkata-700107",Store Room
07/11/2021,20:20:15,Spectacled Cobra (Naja naja),Sub-Adult,22.829987,88.207978,6,Gopalnagar kalitola,Bathroom
06/11/2021,19:44:35,Russell's Viper (Daboia russelii),Adult,22.850819,88.172167,3,Haripur,Fishing Traps
05/11/2021,11:00:41,Common Wolf Snake (Lycodon aulicus),Adult,22.750702,88.25995,5,Begampur,Shop
05/11/2021,10:56:16,Spectacled Cobra (Naja naja),Juvenile,22.830956,88.112443,4,Haripal Chaudhuri para,Backyard/ Front Garden
04/11/2021,20:06:26,Banded Krait (Bungarus fasciatus),Adult,22.829756,88.208631,4,gopalnagar,Backyard/ Front Garden
04/11/2021,11:31:51,Spectacled Cobra (Naja naja),Adult,22.795576,88.20705,5,siborambati.,Store Room
03/11/2021,20:21:43,Common Wolf Snake (Lycodon aulicus),Adult,22.796395,88.240266,9,paltagarh,Store Room
30/10/2021,18:02:16,Russell's Viper (Daboia russelii),Adult,22.795124,88.242477,4,paltagarh,Cow Shed
29/10/2021,13:53:36,Spectacled Cobra (Naja naja),Adult,22.972222,88.073565,4,"Simla, Dhaniyakhali",Store Room
29/10/2021,13:52:15,Spectacled Cobra (Naja naja),Adult,22.97222,88.073572,4,"Simla, Dhaniyakhali",Store Room
27/10/2021,13:17:08,Russell's Viper (Daboia russelii),Adult,22.720135,88.335672,10,nobinpolli rishra,Kitchen
27/10/2021,12:29:51,Russell's Viper (Daboia russelii),Adult,22.694668,88.360485,5,konnagar,Pond
26/10/2021,21:44:13,Common Krait (Bungarus caeruleus),Sub-Adult,22.799724,88.243276,4,Ghanashyampur,Kitchen
24/10/2021,14:00:27,Common Rat Snake (Ptyas mucosa),Adult,22.827309,88.184984,4,"14 no rail gate, Nalikul",Courtyard
22/10/2021,23:32:32,Russell's Viper (Daboia russelii),Sub-Adult,22.794028,88.237959,7,Paltagarh,Kitchen
21/10/2021,23:31:23,Banded Krait (Bungarus fasciatus),Adult,22.826158,88.178137,3,Satara pukur dhar,Backyard/ Front Garden
20/10/2021,16:48:03,Spectacled Cobra (Naja naja),Adult,22.77173,88.047709,3,Antpur mitra para,Store Room
17/10/2021,12:17:00,Spectacled Cobra (Naja naja),Adult,22.754885,88.22194,5,Baruipara gangadharpur,Bedroom
15/10/2021,20:00:44,Checkered Keelback (Fowlea piscator),Adult,22.791855,88.241313,4,paltagarh hazrapara,Backyard/ Front Garden
13/10/2021,21:37:16,Common Krait (Bungarus caeruleus),Adult,22.790604,88.222943,5,Mirzapur station road flowers shop,Shop
12/10/2021,17:14:57,Checkered Keelback (Fowlea piscator),Adult,22.7601,88.329848,4,serampore satchasi para,Kitchen
12/10/2021,10:10:41,Common Rat Snake (Ptyas mucosa),Sub-Adult,22.79619,88.035611,3,"Basuri Sirajpur, Hooghly",Backyard/ Front Garden
12/10/2021,10:05:03,Spectacled Cobra (Naja naja),Adult,22.796195,88.035591,3,"Basuri Sirajpur, Hooghly",Backyard/ Front Garden
11/10/2021,12:26:35,Spectacled Cobra (Naja naja),Adult,22.797139,88.252905,9,Talepukur,Backyard/ Front Garden
09/10/2021,19:23:30,Banded Krait (Bungarus fasciatus),Adult,22.77858,88.253268,4,Bora indrakhali,Store Room
08/10/2021,18:15:29,Russell's Viper (Daboia russelii),Adult,22.792873,88.246804,4,Telipukur roypara,Cow Shed
07/10/2021,20:42:14,Common Krait (Bungarus caeruleus),Adult,22.791706,88.24142,6,paltagarh hazrapara,Kitchen
03/10/2021,21:24:00,Banded Krait (Bungarus fasciatus),Sub-Adult,,,,Madhubati palthaghar,Kitchen
03/10/2021,15:39:50,Common Rat Snake (Ptyas mucosa),Adult,22.737042,88.357934,7,new kolkata (Alcova) sriampur,Store Room
03/10/2021,13:09:49,Common Rat Snake (Ptyas mucosa),Adult,22.785101,88.214933,8,chak shibrambati,Backyard/ Front Garden
02/10/2021,17:13:24,Spectacled Cobra (Naja naja),Adult,22.831405,88.203371,8,singur uchitpur .,Kitchen
30/09/2021,11:30:00,Russell's Viper (Daboia russelii),Adult,22.669008,88.31778,4,"balanagar, Howrah",Backyard/ Front Garden
01/10/2021,22:19:09,Spectacled Cobra (Naja naja),Sub-Adult,22.78674,88.238784,9,Biramnagr,Backyard/ Front Garden
01/10/2021,21:02:52,Banded Krait (Bungarus fasciatus),Adult,22.785373,88.239319,4,gouribati,Backyard/ Front Garden
01/10/2021,10:29:00,Checkered Keelback (Fowlea piscator),Adult,22.789777,88.233149,6,Mirzapur,Fishing Net
01/10/2021,10:54:57,Spectacled Cobra (Naja naja),Adult,22.702533,88.271135,5,janai noiti monasatala,Bedroom
30/09/2021,20:56:08,Spectacled Cobra (Naja naja),Adult,22.783869,88.211827,6,chakshibrambati,Bedroom
30/09/2021,10:16:43,Checkered Keelback (Fowlea piscator),Adult,22.809367,88.212882,4,nandabati,Fishing Net
28/09/2021,08:29:50,Monocled Cobra (Naja kaouthia),Adult,22.75875,88.221732,4,gangadharpur,Fishing Net
28/09/2021,00:35:12,Common Bronzeback (Dendrelaphis tristis),Juvenile,22.803552,88.224735,13,jalaghata,Bedroom
25/09/2021,16:21:21,Monocled Cobra (Naja kaouthia),Sub-Adult,22.756122,88.219048,4,gangadharpur,Fishing Traps
25/09/2021,15:52:54,Spectacled Cobra (Naja naja),Adult,,,,"Durgapur tati para, Naliku, Hooghly",Bathroom
25/09/2021,15:31:38,Spectacled Cobra (Naja naja),Adult,,,,"Durgapur, nalikul tatipara",Bedroom
20/09/2021,22:05:07,Common Krait (Bungarus caeruleus),Sub-Adult,22.829293,88.253028,5,Athali,Bathroom
20/09/2021,10:30:12,Common Krait (Bungarus caeruleus),Adult,22.78113,88.240577,4,jalapara,Backyard/ Front Garden
19/09/2021,20:59:56,Spectacled Cobra (Naja naja),Adult,22.861055,88.125524,3,Haripal manna para,Bedroom
17/09/2021,19:48:03,Spectacled Cobra (Naja naja),Adult,22.754445,88.221722,4,gangadharpur,Store Room
17/09/2021,07:19:53,Russell's Viper (Daboia russelii),Adult,22.820433,88.221531,4,singur,Backyard/ Front Garden
17/09/2021,06:56:37,Common Bronzeback (Dendrelaphis tristis),Adult,22.8145,88.221975,7,singur,Backyard/ Front Garden
16/09/2021,10:25:31,Russell's Viper (Daboia russelii),Adult,,,,Kinkarbati dakshin para,Backyard/ Front Garden
15/09/2021,22:00:29,Common Krait (Bungarus caeruleus),Sub-Adult,22.842513,88.183555,2700,Madhyahigla,Bedroom
14/09/2021,20:09:35,Spectacled Cobra (Naja naja),Juvenile,22.789745,88.229113,4,Mirzapur santra para,Backyard/ Front Garden
13/09/2021,02:21:46,Banded Krait (Bungarus fasciatus),Adult,22.664352,88.318266,7,"Abhoynagar bazar , ps nischinto , dist howrah , pin 711205",Bedroom
11/09/2021,23:00:00,Common Krait (Bungarus caeruleus),Adult,,,,Jalapara primary school,Kitchen
11/09/2021,14:35:34,Common Krait (Bungarus caeruleus),Adult,,,,"Kinkarbati parjana, Hooghly",Backyard/ Front Garden
10/09/2021,14:28:55,Common Rat Snake (Ptyas mucosa),Adult,,,,"Purba Gopinathpur, Kinkarbati. Hooghly",Bathroom
10/09/2021,11:43:12,Spectacled Cobra (Naja naja),Adult,22.829294,88.161698,4,Cinematala,Store Room
08/09/2021,19:52:37,Spectacled Cobra (Naja naja),Adult,22.791592,88.241291,6,Palthaghar,Backyard/ Front Garden
07/09/2021,21:44:19,Common Rat Snake (Ptyas mucosa),Adult,,,,14 numbar railgate,
07/09/2021,20:03:13,Spectacled Cobra (Naja naja),Juvenile,22.78984,88.228768,4,Mirzapur santrapara,Chicken/ Duck Pen
01/09/2021,20:28:00,Common Krait (Bungarus caeruleus),Adult,22.853844,88.265291,6,Anandanagar,Backyard/ Front Garden
02/09/2021,10:50:13,Common Bronzeback (Dendrelaphis tristis),Sub-Adult,,,,"Khagragachi, singur, Hooghly",Bedroom
31/08/2021,20:04:06,Common Krait (Bungarus caeruleus),Adult,22.786403,88.236675,4,Biramnagar,Bathroom
29/08/2021,21:42:49,Banded Krait (Bungarus fasciatus),Adult,22.838296,88.185824,6,Kinkarbati,Backyard/ Front Garden
29/08/2021,18:27:20,Common Wolf Snake (Lycodon aulicus),Sub-Adult,22.791433,88.238587,7,Paltagarh Singur Hooghly,Bathroom
28/08/2021,16:05:27,Spectacled Cobra (Naja naja),Sub-Adult,22.798566,88.245162,8,Ghanasampur,Backyard/ Front Garden
28/08/2021,12:17:40,Spectacled Cobra (Naja naja),Adult,22.831517,88.201945,6,Uchite pur,Store Room
26/08/2021,09:34:06,Banded Krait (Bungarus fasciatus),Sub-Adult,22.836593,88.194748,2,"Khagragachi, singur",Bedroom
25/08/2021,05:53:14,Common Kukri Snake (Oligodon arnensis),Sub-Adult,22.797092,88.251372,4,telipukur,
24/08/2021,20:40:13,Checkered Keelback (Fowlea piscator),Adult,22.813169,88.227951,9,singur bazar,Store Room
24/08/2021,19:53:14,Spectacled Cobra (Naja naja),Adult,22.805326,88.224222,4,singur jalaghata,Backyard/ Front Garden
24/08/2021,08:31:40,Spectacled Cobra (Naja naja),Adult,22.844299,88.186567,3,Kinkarbati,Backyard/ Front Garden
23/08/2021,22:44:03,Common Rat Snake (Ptyas mucosa),Adult,22.792528,88.239066,4,Paltaghur,Kitchen
23/08/2021,22:32:19,Spectacled Cobra (Naja naja),Adult,22.791905,88.241315,6,paltagarh,Store Room
22/08/2021,19:47:18,Russell's Viper (Daboia russelii),Juvenile,22.807133,88.231796,4,singur,Backyard/ Front Garden
21/08/2021,11:16:29,Checkered Keelback (Fowlea piscator),Adult,22.788504,88.237354,8,Biramnagar,Backyard/ Front Garden
20/08/2021,12:58:14,Common Rat Snake (Ptyas mucosa),Adult,22.828454,88.170431,4,Simultala,Backyard/ Front Garden
20/08/2021,11:07:15,Banded Krait (Bungarus fasciatus),Juvenile,22.789815,88.233213,4,Mirzapur,Rice Field
20/08/2021,11:03:55,Spectacled Cobra (Naja naja),Juvenile,22.814342,88.241687,4,Mallikpur,Backyard/ Front Garden
20/08/2021,09:31:00,Common Rat Snake (Ptyas mucosa),Adult,,,,Ratanpur,Backyard/ Front Garden
20/08/2021,09:09:00,Russell's Viper (Daboia russelii),Juvenile,,,,Ratanpur,Backyard/ Front Garden
20/08/2021,09:40:00,Common Krait (Bungarus caeruleus),Adult,,,,Ratanpur,Backyard/ Front Garden
19/08/2021,10:51:44,Common Rat Snake (Ptyas mucosa),Adult,22.828135,88.168953,4,Nalikul School para,Backyard/ Front Garden
18/08/2021,12:04:07,Spectacled Cobra (Naja naja),Adult,22.813694,88.229398,6,Singur jologog,Store Room
17/08/2021,06:51:35,Spectacled Cobra (Naja naja),Adult,22.782837,88.236743,4,Jalapara,Bird Cage
16/08/2021,20:16:30,Russell's Viper (Daboia russelii),Juvenile,22.843202,88.187613,3,Kinkarbati,Bathroom
16/08/2021,19:45:28,Common Rat Snake (Ptyas mucosa),Adult,22.797157,88.240157,6,Paltagarh,Chicken/ Duck Pen
16/08/2021,12:31:02,Common Rat Snake (Ptyas mucosa),Adult,22.793435,88.238239,8,paltagarh,Store Room
15/08/2021,11:19:53,Monocled Cobra (Naja kaouthia),Adult,22.768069,88.276678,4,Bora kamalapur.,Fishing Net
14/08/2021,08:58:32,Spectacled Cobra (Naja naja),Adult,22.795596,88.224309,4,Bankipur,Bedroom
13/08/2021,23:31:31,Common Krait (Bungarus caeruleus),Adult,22.79355,88.241701,4,paltagarh,Backyard/ Front Garden
13/08/2021,23:10:28,Banded Krait (Bungarus fasciatus),Adult,22.799407,88.267033,4,Mallasimla,Backyard/ Front Garden
13/08/2021,20:30:13,Spectacled Cobra (Naja naja),Adult,22.82412,88.178995,6,Post office Dharmashala,Shop
13/08/2021,19:15:39,Common Wolf Snake (Lycodon aulicus),Adult,22.845197,88.153232,4,Bandipur,Bedroom
13/08/2021,18:37:54,Spectacled Cobra (Naja naja),Adult,22.83662,88.159601,4,Dakshinkul,Shop
12/08/2021,19:55:45,Common Krait (Bungarus caeruleus),Sub-Adult,22.826972,88.178044,4,Rooppur,Backyard/ Front Garden
09/08/2021,09:29:45,Spectacled Cobra (Naja naja),Adult,22.828262,88.239698,5,Ratanpur,Well
31/07/2021,17:42:30,Common Rat Snake (Ptyas mucosa),Adult,22.830415,88.168813,4,Nalikul Station para,Store Room
29/07/2021,20:19:46,Spectacled Cobra (Naja naja),Adult,22.791893,88.228944,5,Uttar mamudpur shiv tala,Bedroom
28/07/2021,09:38:59,Banded Krait (Bungarus fasciatus),Adult,22.789614,88.233158,4,Mirzapur bankipur,Fishing Net
27/07/2021,11:50:22,Common Vine Snake (Ahaetulla nasuta),Adult,22.799426,88.267064,5,janai road,Backyard/ Front Garden
27/07/2021,08:56:08,Spectacled Cobra (Naja naja),Juvenile,22.804316,88.222531,5,Mirzapur,Bedroom
25/07/2021,13:32:26,Spectacled Cobra (Naja naja),Juvenile,22.782816,88.209238,4,Shiborsmbsti mir,Kitchen
24/07/2021,11:37:59,Spectacled Cobra (Naja naja),Sub-Adult,,,,Purba Gopinathpur deshmukh para,Store Room
13/07/2021,18:29:43,Russell's Viper (Daboia russelii),Juvenile,22.836053,88.159772,5,Dakshinkul,Bathroom
08/07/2021,08:52:57,Russell's Viper (Daboia russelii),Adult,22.838115,88.188514,3,Kinkarbati,Fishing Traps
08/07/2021,08:48:09,Banded Krait (Bungarus fasciatus),Adult,22.838068,88.188551,8,Kinkarbati,Backyard/ Front Garden
05/07/2021,16:29:34,Spectacled Cobra (Naja naja),Sub-Adult,22.826582,88.17847,4,Ruppur,Kitchen
03/07/2021,06:30:00,Spectacled Cobra (Naja naja),Adult,22.844271,88.186466,3,Gopinathpur,Shop
03/07/2021,08:40:21,Spectacled Cobra (Naja naja),Adult,22.838704,88.179314,3,Gopinathpur,Store Room
30/06/2021,12:42:35,Spectacled Cobra (Naja naja),Adult,22.820389,88.178517,4,Patra para,Courtyard
30/06/2021,10:53:47,Spectacled Cobra (Naja naja),Adult,22.821839,88.172618,4,Jagannathpur,Store Room
27/06/2021,22:43:06,Spectacled Cobra (Naja naja),Sub-Adult,22.82419,88.168438,4,"Nawapara, Nalikul",Kitchen
27/06/2021,12:24:09,Spectacled Cobra (Naja naja),Sub-Adult,22.844886,88.180143,3,Kinkarbati,Backyard/ Front Garden
26/06/2021,20:42:38,Common Rat Snake (Ptyas mucosa),Adult,22.800546,88.165019,4,Alampur dey para,Store Room
24/06/2021,17:04:00,Russell's Viper (Daboia russelii),Juvenile,22.658186,88.094514,10,B.M.PARA,Bedroom
23/06/2021,13:05:00,Common Wolf Snake (Lycodon aulicus),Sub-Adult,22.649749,88.088861,10,Narandrapur,Store Room
17/06/2021,21:13:19,Common Wolf Snake (Lycodon aulicus),Adult,22.841633,88.186407,3,Kinkarbati,Bathroom
15/06/2021,14:29:17,Russell's Viper (Daboia russelii),Juvenile,22.661056,88.093966,4,K.H Baumpara,Cow Shed
13/06/2021,14:01:50,Spectacled Cobra (Naja naja),Adult,22.831322,88.167029,4,Nalikul station para,Well
13/06/2021,07:48:19,Spectacled Cobra (Naja naja),Sub-Adult,22.818794,88.226092,9,Burosanti,Store Room
08/06/2021,21:45:00,Common Krait (Bungarus caeruleus),Adult,,,,Kinkarbati morol para,Store Room
06/06/2021,10:16:46,Russell's Viper (Daboia russelii),Juvenile,22.836935,88.184838,6,Kinkarbati,Backyard/ Front Garden
05/06/2021,21:48:27,Common Wolf Snake (Lycodon aulicus),Adult,22.83765,88.14008,4,Maliya,Backyard/ Front Garden
05/06/2021,15:48:58,Russell's Viper (Daboia russelii),Juvenile,22.828944,88.169323,4,Station para,Store Room
04/06/2021,23:54:52,Russell's Viper (Daboia russelii),Juvenile,22.827837,88.17021,5,Station Bazar,Courtyard
03/06/2021,21:16:16,Spectacled Cobra (Naja naja),Juvenile,22.826608,88.164362,4,Nabankur club,Bedroom
27/05/2021,21:24:14,Russell's Viper (Daboia russelii),Sub-Adult,22.852899,88.1133,4,Basubev pur high school near,Store Room
23/05/2021,22:39:25,Eastern Bronzeback (Denrelaphis proarchos),Adult,22.831599,88.165363,4,Nalikul Station Bazar,Shop
19/05/2021,01:30:00,Common Wolf Snake (Lycodon aulicus),Adult,22.650341,88.089803,6,Narandrapr,Bedroom
15/05/2021,11:50:26,Spectacled Cobra (Naja naja),Adult,22.843007,88.184088,3,Kinkarbati,Backyard/ Front Garden
13/05/2021,19:10:00,Checkered Keelback (Fowlea piscator),Juvenile,22.64985,88.088945,7,Muneshehart,Store Room
13/05/2021,11:31:31,Spectacled Cobra (Naja naja),Adult,22.857818,88.130062,3,Haripal Rajballab vati das para,Store Room
07/05/2021,21:17:39,Common Krait (Bungarus caeruleus),Adult,22.828311,88.17074,4,Simultala,Kitchen
07/05/2021,15:13:51,Monocled Cobra (Naja kaouthia),Sub-Adult,22.83655,88.121209,3,Haripal aminpur,Backyard/ Front Garden
24/04/2021,00:40:00,Common Wolf Snake (Lycodon aulicus),Juvenile,22.649731,88.088797,5,Muncharhat,Store Room
24/04/2021,21:09:33,Banded Krait (Bungarus fasciatus),Juvenile,22.82657,88.178513,4,Ruppur,Kitchen
18/04/2021,21:52:41,Spectacled Cobra (Naja naja),Adult,22.796774,88.24087,9,Paltghura,Backyard/ Front Garden
12/04/2021,18:32:00,Common Rat Snake (Ptyas mucosa),Adult,22.84472,88.180076,8,Kinkarbati,Backyard/ Front Garden
12/04/2021,00:54:01,Spectacled Cobra (Naja naja),Sub-Adult,22.841613,88.185646,5,Kinkarbati,Kitchen
09/04/2021,14:06:44,Common Rat Snake (Ptyas mucosa),Adult,23.4768,87.963151,4,Bado poshla,Store Room
09/04/2021,11:50:10,Common Bronzeback (Dendrelaphis tristis),Adult,22.794876,88.238274,8,Paltagar health center,Store Room
03/04/2021,12:02:55,Spectacled Cobra (Naja naja),Adult,22.851029,88.174739,3,Haripur,Backyard/ Front Garden
01/04/2021,23:16:38,Spectacled Cobra (Naja naja),Adult,22.843582,88.249286,8,Chayani gandapukar,Backyard/ Front Garden
01/04/2021,23:13:37,Checkered Keelback (Fowlea piscator),Adult,22.843622,88.249328,5,gandar pukur,Backyard/ Front Garden
01/04/2021,21:49:54,Russell's Viper (Daboia russelii),Adult,22.84465,88.188499,3,Kinkarbati,Shop
01/04/2021,05:50:30,Spectacled Cobra (Naja naja),Adult,22.781148,88.235846,4,Jalapara,Kitchen
01/04/2021,00:44:26,Spectacled Cobra (Naja naja),Sub-Adult,22.898889,88.152933,3,Hatisala (madra),Bedroom
30/03/2021,21:09:01,Spectacled Cobra (Naja naja),Adult,22.765449,88.225397,4,baraberi,Store Room
29/03/2021,19:23:38,Yellow-speckled Wolf Snake (Lycodon jara),Adult,22.789677,88.233236,8,Mirzapur choto asharam,Store Room
28/03/2021,15:58:32,Common Rat Snake (Ptyas mucosa),Adult,22.800867,88.222446,8,Mirzapur,Store Room
27/03/2021,22:33:26,Checkered Keelback (Fowlea piscator),Adult,22.791698,88.239368,5,Paltaghur,Backyard/ Front Garden
27/03/2021,19:24:48,Common Rat Snake (Ptyas mucosa),Adult,22.78962,88.221318,9,Mirzapur bankipur,Cow Shed
27/03/2021,14:00:46,Common Rat Snake (Ptyas mucosa),Adult,22.795265,88.228488,4,Raghunathpur,Bedroom
26/03/2021,20:55:23,Checkered Keelback (Fowlea piscator),Adult,22.789873,88.233258,7,Mirzapur bankipur,Fishing Net
21/03/2021,07:53:11,Spectacled Cobra (Naja naja),Sub-Adult,,,,Modhhohijla,Backyard/ Front Garden
19/03/2021,13:13:02,Common Rat Snake (Ptyas mucosa),Adult,22.81395,88.236831,5,Singur manna bari,Store Room
16/03/2021,22:18:22,Common Bronzeback (Dendrelaphis tristis),Adult,22.798797,88.282662,4,Diara,Backyard/ Front Garden
16/03/2021,19:17:59,Common Rat Snake (Ptyas mucosa),Adult,22.828221,88.132947,5,Maleya,Kitchen
15/03/2021,12:14:18,Banded Racer ( Argyrogena fasciolatus),Sub-Adult,22.826679,88.170089,4,Nbhfgu,Poultry Farm
10/03/2021,20:16:44,Banded Krait (Bungarus fasciatus),Adult,22.798939,88.218643,9,Mirzapur shit para,Store Room
04/03/2021,17:27:55,Common Cat Snake (Boiga trigonata),Sub-Adult,24.256497,87.253352,4,Vagajsj,Cow Shed
25/02/2021,11:23:07,Common Rat Snake (Ptyas mucosa),Adult,22.852356,88.177726,3,Horipur,Store Room
24/02/2021,22:16:14,Russell's Viper (Daboia russelii),Adult,22.851635,88.172669,3,Horipur,Store Room
20/02/2021,23:29:37,Yellow-speckled Wolf Snake (Lycodon jara),Sub-Adult,22.773436,88.231923,9,sampur baruipara,Backyard/ Front Garden
20/02/2021,11:01:00,Common Bronzeback (Dendrelaphis tristis),Juvenile,22.649506,88.089107,12,Munsirhat,Store Room
18/02/2021,13:51:37,Russell's Viper (Daboia russelii),Adult,22.797014,88.247696,4,Talipukur ajabnagar,Backyard/ Front Garden
10/02/2021,12:04:00,Spectacled Cobra (Naja naja),Adult,22.803265,88.302155,116,Chpsara,Bedroom
05/02/2021,09:23:52,Russell's Viper (Daboia russelii),Sub-Adult,22.842112,88.178595,3,Kinkarbati Rason shop,Backyard/ Front Garden
31/01/2021,12:12:05,Spectacled Cobra (Naja naja),Adult,22.834397,88.118896,4,haripal,Store Room
26/01/2021,10:04:00,Spectacled Cobra (Naja naja),Adult,22.79386,88.229581,8,Mirzapur,Backyard/ Front Garden
21/01/2021,11:31:18,Russell's Viper (Daboia russelii),Adult,22.76622,88.261672,4,bora,Backyard/ Front Garden
12/01/2021,12:57:11,Spectacled Cobra (Naja naja),Adult,22.786817,88.236444,4,biramnagar,Backyard/ Front Garden
24/12/2020,09:20:33,Common Rat Snake (Ptyas mucosa),Juvenile,22.788654,88.230802,9,Mirzapur,Rice Field
20/12/2020,14:38:00,Smooth Scaled Water Snake (Enhydris enhydris),Juvenile,22.802362,88.219517,10,Mirzapur Ghosh para,Bathroom
20/12/2020,18:51:00,Common Wolf Snake (Lycodon aulicus),Adult,22.827832,88.174999,4,Bargachia,Bedroom
16/12/2020,20:56:56,Banded Krait (Bungarus fasciatus),Adult,22.787166,88.235873,4,Biramnagar singur,Kitchen
13/12/2020,11:16:19,Russell's Viper (Daboia russelii),Adult,22.812539,88.232546,8,Singur health center,Backyard/ Front Garden
12/12/2020,15:25:52,Common Bronzeback (Dendrelaphis tristis),Adult,22.793727,88.240214,9,Paltagarh sigur,Kitchen
12/12/2020,13:01:00,Common Krait (Bungarus caeruleus),Sub-Adult,22.840066,88.186667,3,Kinkarbati Bakultala,Shop
12/12/2020,12:40:43,Common Bronzeback (Dendrelaphis tristis),Adult,22.824921,88.195468,5,Bhola Busstop,Shop
11/12/2020,19:41:55,Spectacled Cobra (Naja naja),Adult,22.837657,88.194678,8,Khagragachi,Backyard/ Front Garden
10/12/2020,15:40:00,Russell's Viper (Daboia russelii),Adult,22.805544,88.22515,4,Singur jalaghata,Backyard/ Front Garden
08/12/2020,14:40:45,Russell's Viper (Daboia russelii),Adult,22.747841,88.322695,4,biswa kobi para,Fishing Net
04/12/2020,12:08:53,Russell's Viper (Daboia russelii),Adult,22.766307,88.321395,4,seoraphuli  san pukurdhar,Backyard/ Front Garden
27/11/2020,16:36:00,Russell's Viper (Daboia russelii),Adult,22.808882,88.228388,4,Bibi danga maydan,Store Room
23/11/2020,19:35:00,Common Rat Snake (Ptyas mucosa),Adult,22.828974,88.169392,4,Station para,Bedroom
22/11/2020,22:38:00,Checkered Keelback (Fowlea piscator),Adult,22.82969,88.178738,4,Bargachia majhi para,Kitchen
22/11/2020,19:24:20,Spectacled Cobra (Naja naja),Adult,22.793834,88.240203,7,Paltagarh,Kitchen
21/11/2020,08:43:00,Spectacled Cobra (Naja naja),Adult,22.804709,88.23419,6,Aparbapur singur hooghly,Bedroom
20/11/2020,20:13:05,Russell's Viper (Daboia russelii),Adult,22.822585,88.205876,6,kamarkundu,Store Room
20/11/2020,17:02:06,Common Bronzeback (Dendrelaphis tristis),Adult,22.785141,88.237277,4,biramnagar,Bedroom
19/11/2020,21:24:44,Spectacled Cobra (Naja naja),Adult,22.85302,88.166228,3,Delalpur vandari para,Store Room
18/11/2020,20:50:00,Common Wolf Snake (Lycodon aulicus),Sub-Adult,,,,Kinkarbati pashchim para,Store Room
18/11/2020,20:15:00,Spectacled Cobra (Naja naja),Adult,,,,Kinkar bati pashchim para,Store Room
18/11/2020,20:35:23,Russell's Viper (Daboia russelii),Adult,22.799995,88.241415,4,singur,Rice Field
14/11/2020,16:59:51,Common Wolf Snake (Lycodon aulicus),Adult,22.792372,88.238782,9,Paltagarh,Backyard/ Front Garden
14/11/2020,14:49:00,Common Rat Snake (Ptyas mucosa),Adult,22.822318,88.174684,5,Jagannathpur koley para,Store Room
14/11/2020,20:40:00,Spectacled Cobra (Naja naja),Sub-Adult,22.788997,88.238541,4,biramnagar,Kitchen
12/11/2020,22:05:00,Common Krait (Bungarus caeruleus),Adult,22.835972,88.18392,4,Gopinathapur,Backyard/ Front Garden
12/11/2020,21:08:20,Common Krait (Bungarus caeruleus),Adult,22.813752,88.23689,5,singur,Backyard/ Front Garden
12/11/2020,20:57:31,Spectacled Cobra (Naja naja),Adult,22.813843,88.236784,4,singur,Backyard/ Front Garden
12/11/2020,19:47:12,Spectacled Cobra (Naja naja),Juvenile,22.824492,88.178319,9,Nalikul,Store Room
12/11/2020,19:21:50,Monocled Cobra (Naja kaouthia),Juvenile,22.795449,88.285646,4,diara,Backyard/ Front Garden
12/11/2020,12:39:04,Spectacled Cobra (Naja naja),Sub-Adult,22.835596,88.146493,7,Baganbaati,Store Room
12/11/2020,09:34:47,Common Rat Snake (Ptyas mucosa),Adult,22.828164,88.170453,10,Nalikul,Bedroom
10/11/2020,20:06:40,Russell's Viper (Daboia russelii),Adult,22.809012,88.230147,9,Singur,Kitchen
09/11/2020,21:14:15,Banded Krait (Bungarus fasciatus),Adult,22.803672,88.282363,5,Diara,Backyard/ Front Garden
08/11/2020,19:19:00,Russell's Viper (Daboia russelii),Adult,22.795827,88.238295,9,Paltaghur,Backyard/ Front Garden
08/11/2020,17:46:56,Spectacled Cobra (Naja naja),Juvenile,22.819646,88.217991,4,singur,Backyard/ Front Garden
08/11/2020,10:15:00,Common Bronzeback (Dendrelaphis tristis),Adult,22.816284,88.22768,4,singur,Backyard/ Front Garden
08/11/2020,12:48:25,Monocled Cobra (Naja kaouthia),Juvenile,22.824909,88.174412,25,Jaganathpur,Courtyard
06/11/2020,21:52:00,Spectacled Cobra (Naja naja),Adult,22.77736,88.245135,8,Ramnagur,Backyard/ Front Garden
06/11/2020,14:35:00,Spectacled Cobra (Naja naja),Adult,22.812698,88.228694,45,Singur,Canal
03/11/2020,12:11:00,Spectacled Cobra (Naja naja),Adult,22.812233,88.230914,5,Singur ko-operative,Shop
02/11/2020,22:53:00,Spectacled Cobra (Naja naja),Sub-Adult,22.843382,88.178207,3,Kinkarbati,Backyard/ Front Garden
01/11/2020,00:13:00,Spectacled Cobra (Naja naja),Sub-Adult,22.8443,88.162928,3,Jadob bati,Backyard/ Front Garden
31/10/2020,21:12:00,Spectacled Cobra (Naja naja),Sub-Adult,22.843959,88.178022,3,Kinkarbati,Backyard/ Front Garden
31/10/2020,20:06:00,Spectacled Cobra (Naja naja),Adult,22.8441,88.180025,5,Kinkarbati Bajeishlampur,Courtyard
31/10/2020,19:45:00,Striped Keelback (Amphiesma stolatum),Adult,22.765507,88.252959,9,Borai,Backyard/ Front Garden
31/10/2020,19:25:00,Russell's Viper (Daboia russelii),Adult,22.823753,88.162632,4,Nawpara,Backyard/ Front Garden
31/10/2020,09:28:00,Spectacled Cobra (Naja naja),Adult,22.850288,88.166451,3,Delalpur,Fishing Net
29/10/2020,22:10:00,Spectacled Cobra (Naja naja),Sub-Adult,,,,Purba gopinath pur,Bathroom
29/10/2020,20:35:00,Checkered Keelback (Fowlea piscator),Juvenile,,,,Purba gopinath pur,Bedroom
24/10/2020,17:43:00,Spectacled Cobra (Naja naja),Adult,22.765468,88.260774,9,Bora teliarmore,Store Room
24/10/2020,12:08:00,Russell's Viper (Daboia russelii),Adult,22.823312,88.205071,5,Kamarkundu,Backyard/ Front Garden
23/10/2020,19:22:00,Russell's Viper (Daboia russelii),Adult,22.845207,88.179908,4,Kinkarbati Sitalatala,Backyard/ Front Garden
22/10/2020,19:31:00,Banded Krait (Bungarus fasciatus),Adult,22.780536,88.237524,9,Jolapara,Backyard/ Front Garden
19/10/2020,21:46:00,Spectacled Cobra (Naja naja),Sub-Adult,22.79888,88.236248,8,Paltaghar,Kitchen
18/10/2020,20:06:00,Russell's Viper (Daboia russelii),Adult,22.824982,88.19446,3,Bhola,Kitchen
18/10/2020,20:04:00,Russell's Viper (Daboia russelii),Adult,22.825005,88.194412,3,Bhola,Kitchen
18/10/2020,13:10:00,Monocled Cobra (Naja kaouthia),Adult,22.649791,88.088784,5,"PANTIHAL purbo Banerjee para, Bargachia, Howrah",Store Room
18/10/2020,13:55:00,Russell's Viper (Daboia russelii),Sub-Adult,22.829725,88.122726,4,HARIPAL AMINPUR(THANAGORA),Kitchen
18/10/2020,12:38:00,Common Rat Snake (Ptyas mucosa),Adult,22.824817,88.332227,4,bhadreshwar,Store Room
18/10/2020,11:22:00,Spectacled Cobra (Naja naja),Adult,22.816585,88.223437,4,singur natun bazar,Backyard/ Front Garden
18/10/2020,00:08:00,Banded Krait (Bungarus fasciatus),Adult,22.817265,88.226075,5,singur burasanti nobopally,Bathroom
17/10/2020,21:56:00,Common Wolf Snake (Lycodon aulicus),Adult,22.830253,88.240786,8,Ratanpur,Bedroom
16/10/2020,20:18:00,Spectacled Cobra (Naja naja),Sub-Adult,22.799246,88.243707,9,Gunasampur,Bedroom
15/10/2020,21:26:00,Common Krait (Bungarus caeruleus),Adult,22.791138,88.249715,5,talipukur,Bedroom
15/10/2020,21:20:00,Smooth Scaled Water Snake (Enhydris enhydris),Adult,22.835424,88.211478,4,"Gapalnagar,singur hooghly",Fishing Net
15/10/2020,21:04:00,Spectacled Cobra (Naja naja),Adult,22.795333,88.249538,4,talipukur,Kitchen
15/10/2020,17:31:00,Russell's Viper (Daboia russelii),Adult,22.78569,88.3296,4,poddar ghat sheoraphuli,Store Room
15/10/2020,16:37:00,Spectacled Cobra (Naja naja),Sub-Adult,22.781595,88.236751,9,Jolapara,Store Room
15/10/2020,09:35:00,Monocled Cobra (Naja kaouthia),Adult,22.825258,88.188905,4,Bhola girja,Fishing Traps
13/10/2020,23:09:00,Spectacled Cobra (Naja naja),Sub-Adult,22.788725,88.23746,9,Biramnagar,Backyard/ Front Garden
13/10/2020,07:16:00,Spectacled Cobra (Naja naja),Sub-Adult,22.79542,88.238409,6,Paltagarh. Singur hooghly,Store Room
11/10/2020,22:42:00,Spectacled Cobra (Naja naja),Adult,22.855885,88.177489,8,Jharorpar,Courtyard
11/10/2020,09:09:00,Monocled Cobra (Naja kaouthia),Adult,22.64978,88.088838,6,Krishna Narendrapur,Fishing Traps
08/10/2020,22:55:00,Spectacled Cobra (Naja naja),Adult,22.843277,88.249411,6,"CHOYANI,GANDARPUKUR",Bathroom
07/10/2020,07:50:00,Spectacled Cobra (Naja naja),Adult,22.842802,88.186453,8,Kinkarbati,Bedroom
06/10/2020,20:34:00,Spectacled Cobra (Naja naja),Adult,22.821353,88.178848,4,Patra para,Store Room
05/10/2020,21:22:00,Spectacled Cobra (Naja naja),Adult,22.854362,88.177651,8,Jharorpar,Bedroom
05/10/2020,16:38:00,Spectacled Cobra (Naja naja),Adult,22.823846,88.178636,6,Nalikul,Kitchen
04/10/2020,07:50:00,Spectacled Cobra (Naja naja),Adult,22.792916,88.249173,9,Talipukor,Backyard/ Front Garden
03/10/2020,22:40:00,Banded Krait (Bungarus fasciatus),Adult,22.837268,88.1848,2,Kinkar bati dakshin para,Bedroom
03/10/2020,21:37:00,Spectacled Cobra (Naja naja),Adult,22.798897,88.246274,6,Talipokur,Bathroom
02/10/2020,21:15:00,Spectacled Cobra (Naja naja),Adult,22.795931,88.237346,9,Paltaghar,Bird Cage
01/10/2020,12:43:00,Common Bronzeback (Dendrelaphis tristis),Juvenile,22.788286,88.238775,9,Biramnagar,Backyard/ Front Garden
30/09/2020,20:03:00,Common Krait (Bungarus caeruleus),Adult,22.793641,88.241881,9,Paltaghar,Backyard/ Front Garden
30/09/2020,15:07:00,Common Wolf Snake (Lycodon aulicus),Juvenile,22.790625,88.237202,9,Paltaghar,Backyard/ Front Garden
30/09/2020,11:32:00,Spectacled Cobra (Naja naja),Adult,22.826128,88.205035,5,Kanchan Mahal,Store Room
28/09/2020,19:25:00,Common Rat Snake (Ptyas mucosa),Juvenile,22.649399,88.092261,26,Munchirhat,Store Room
25/09/2020,23:39:00,Spectacled Cobra (Naja naja),Adult,22.781102,88.235739,6,Jolapara,Bathroom
25/09/2020,21:19:00,Common Krait (Bungarus caeruleus),Adult,22.784968,88.236768,4,biramnagar,Backyard/ Front Garden
25/09/2020,20:24:00,Spectacled Cobra (Naja naja),Sub-Adult,22.789835,88.228859,6,"Mirzapur, singur,hooghly",Backyard/ Front Garden
25/09/2020,10:14:00,Spectacled Cobra (Naja naja),Juvenile,22.822526,88.176473,4,Jagannathpur uttarpara,Bedroom
23/09/2020,19:10:00,Common Wolf Snake (Lycodon aulicus),Adult,22.792605,88.23908,8,Paltaghar,Backyard/ Front Garden
22/09/2020,21:13:00,Common Krait (Bungarus caeruleus),Adult,22.81931,88.243385,4,ratanpur,Backyard/ Front Garden
22/09/2020,11:45:00,Common Wolf Snake (Lycodon aulicus),Adult,22.792381,88.238492,9,paltagarh,Store Room
19/09/2020,17:50:00,Smooth Scaled Water Snake (Enhydris enhydris),Adult,22.780234,88.237453,8,ramnagur,Backyard/ Front Garden
19/09/2020,07:33:00,Spectacled Cobra (Naja naja),Adult,22.816412,88.240963,9,mallickpur,Backyard/ Front Garden
17/09/2020,22:11:00,Common Wolf Snake (Lycodon aulicus),Sub-Adult,22.792304,88.2385,4,paltagarh,Backyard/ Front Garden
16/09/2020,21:58:00,Common Krait (Bungarus caeruleus),Adult,22.844307,88.186571,3,Kinkarbati,Pond
16/09/2020,15:50:00,Spectacled Cobra (Naja naja),Juvenile,22.790741,88.237975,9,biramnagar,Backyard/ Front Garden
16/09/2020,13:48:00,Spectacled Cobra (Naja naja),Adult,22.84187,88.186125,4,Kinkarbati,Bedroom
13/09/2020,23:13:00,Spectacled Cobra (Naja naja),Adult,22.789088,88.227175,4,uttarmamudpur,Store Room
13/09/2020,22:11:00,Spectacled Cobra (Naja naja),Adult,22.80794,88.226646,9,JALAGHATA,Bathroom
13/09/2020,21:04:00,Common Wolf Snake (Lycodon aulicus),Adult,22.791758,88.239422,5,PALTAGARH,Bedroom
13/09/2020,19:31:00,Common Kukri Snake (Oligodon arnensis),Adult,22.835838,88.183333,2,Purba gapinathpur,Courtyard
13/09/2020,08:34:00,Common Krait (Bungarus caeruleus),Adult,22.780699,88.236756,7,JALAPARA,Fishing Traps
12/09/2020,23:11:00,Spectacled Cobra (Naja naja),Juvenile,22.788975,88.238504,7,Biramnagar,Bedroom
12/09/2020,10:44:00,Common Rat Snake (Ptyas mucosa),Adult,22.792723,88.242167,8,Paltaghar,Store Room
11/09/2020,23:24:00,Common Krait (Bungarus caeruleus),Adult,22.791125,88.239452,4,paltagarh,Backyard/ Front Garden
11/09/2020,22:10:00,Common Wolf Snake (Lycodon aulicus),Adult,22.810889,88.229728,9,Singur,Store Room
11/09/2020,21:48:00,Common Krait (Bungarus caeruleus),Adult,22.837157,88.184872,4,Kinkar bari dakshin para koley telecom,Bathroom
11/09/2020,11:59:00,Spectacled Cobra (Naja naja),Adult,22.806087,88.229371,4,Apurbapur singur hooghly,Shop
10/09/2020,19:42:00,Common Krait (Bungarus caeruleus),Adult,22.841471,88.185307,3,Kinkarbati,Store Room
10/09/2020,08:13:00,Spectacled Cobra (Naja naja),Sub-Adult,22.840434,88.183423,8,Kinkarbati high school dhar,Store Room
09/09/2020,19:17:00,Banded Krait (Bungarus fasciatus),Adult,22.789742,88.223968,4,uttar mamudepur,Store Room
09/09/2020,08:13:00,Monocled Cobra (Naja kaouthia),Sub-Adult,22.756099,88.218918,4,ghangadharpur,Rice Field
07/09/2020,20:47:00,Common Krait (Bungarus caeruleus),Juvenile,22.780247,88.237325,7,JALAPARA,Shop
07/09/2020,10:36:00,Common Vine Snake (Ahaetulla nasuta),Adult,22.844407,88.249864,4,gandarpukur,Backyard/ Front Garden
05/09/2020,13:49:00,Spectacled Cobra (Naja naja),Juvenile,22.797061,88.237244,9,Paltaghar,Backyard/ Front Garden
04/09/2020,19:30:00,Russell's Viper (Daboia russelii),Adult,22.797477,88.241291,5,PALTAGARH,Backyard/ Front Garden
04/09/2020,16:07:00,Spectacled Cobra (Naja naja),Adult,22.791096,88.249724,9,AJABNAGAR,Bedroom
03/09/2020,23:20:00,Common Wolf Snake (Lycodon aulicus),Adult,22.79561,88.245608,4,talipukur,Bird Cage
03/09/2020,16:44:00,Common Wolf Snake (Lycodon aulicus),Adult,22.780472,88.236996,9,Jalapara,Kitchen
03/09/2020,15:54:00,Common Kukri Snake (Oligodon arnensis),Sub-Adult,22.792608,88.239025,9,Paltaghar,Backyard/ Front Garden
03/09/2020,11:45:00,Spectacled Cobra (Naja naja),Adult,22.79571,88.155586,4,Kamalpur,Groundnut Field
02/09/2020,12:00:00,Monocled Cobra (Naja kaouthia),Adult,22.799476,88.173396,4,Dhannohana,Fishing Net
02/09/2020,11:29:00,Spectacled Cobra (Naja naja),Adult,22.82657,88.236196,4,ratanpur,Store Room
02/09/2020,11:15:00,Russell's Viper (Daboia russelii),Adult,22.820439,88.226924,4,gopalnagar,Canal
02/09/2020,10:41:00,Common Krait (Bungarus caeruleus),Adult,22.765306,88.231695,4,baruipara,Backyard/ Front Garden
01/09/2020,13:37:00,Spectacled Cobra (Naja naja),Juvenile,22.843012,88.177287,3,Kinkarbati,Bathroom
30/08/2020,23:24:00,Spectacled Cobra (Naja naja),Sub-Adult,22.80067,88.241333,4,ghnashampur,Bedroom
30/08/2020,08:46:00,Spectacled Cobra (Naja naja),Adult,22.773478,88.22301,9,DIGHALDANGHA,Store Room
29/08/2020,17:27:00,Spectacled Cobra (Naja naja),Adult,22.825785,88.170952,8,Nalikul,Courtyard
29/08/2020,10:47:00,Spectacled Cobra (Naja naja),Adult,22.818735,88.233642,6,ratanpur kadamtala,Store Room
28/08/2020,22:58:00,Common Krait (Bungarus caeruleus),Adult,22.793249,88.242025,4,paltagarh,Backyard/ Front Garden
28/08/2020,14:44:00,Common Bronzeback (Dendrelaphis tristis),Sub-Adult,22.830413,88.168856,4,Bargachia station road,Bedroom
28/08/2020,13:31:00,Banded Krait (Bungarus fasciatus),Adult,22.824799,88.163311,4,Nawpara,Backyard/ Front Garden
27/08/2020,10:37:00,Banded Krait (Bungarus fasciatus),Adult,22.8058,88.262258,4,nasibpur,Well
25/08/2020,20:20:00,Common Krait (Bungarus caeruleus),Adult,22.793627,88.241544,4,paltagarh singur.,Backyard/ Front Garden
25/08/2020,18:14:00,Banded Krait (Bungarus fasciatus),Adult,22.787244,88.208026,9,MADHUBATI SHIBTALA,Backyard/ Front Garden
25/08/2020,10:58:00,Common Bronzeback (Dendrelaphis tristis),Juvenile,22.790965,88.237197,9,Paltaghar,Store Room
25/08/2020,10:31:00,Common Rat Snake (Ptyas mucosa),Sub-Adult,22.794577,88.250299,9,Talipukur,Kitchen
24/08/2020,13:49:00,Common Wolf Snake (Lycodon aulicus),Adult,22.796509,88.23677,8,Paltaghar,Bedroom
24/08/2020,08:44:00,Spectacled Cobra (Naja naja),Adult,22.82915,88.189288,8,Modhhohijla,Kitchen
23/08/2020,22:29:00,Banded Krait (Bungarus fasciatus),Adult,22.797096,88.240264,9,paltaghar,Kitchen
23/08/2020,11:18:00,Checkered Keelback (Fowlea piscator),Adult,22.793973,88.287817,5,diera,Fishing Net
23/08/2020,08:45:00,Spectacled Cobra (Naja naja),Sub-Adult,22.828011,88.187046,3,Modhhohijla,Backyard/ Front Garden
22/08/2020,19:18:00,Checkered Keelback (Fowlea piscator),Adult,22.782491,88.210981,6,"CHAKSHIBARAMBATI,BALARAMBATI",Backyard/ Front Garden
22/08/2020,15:23:00,Russell's Viper (Daboia russelii),Adult,22.823377,88.200595,4,kamarkundu railway station,Kitchen
21/08/2020,12:08:00,Spectacled Cobra (Naja naja),Adult,22.828174,88.113607,4,horipal,Store Room
20/08/2020,14:23:00,Banded Krait (Bungarus fasciatus),Adult,22.809237,88.210977,7,Balarambati. Singur. hooghly,Rice Field
20/08/2020,10:15:00,Spectacled Cobra (Naja naja),Adult,22.839499,88.194211,3,Khagragachi,Backyard/ Front Garden
20/08/2020,09:19:00,Spectacled Cobra (Naja naja),Adult,22.768907,88.23231,7,Thakuranichak,Backyard/ Front Garden
19/08/2020,23:11:00,Checkered Keelback (Fowlea piscator),Juvenile,22.825888,88.166614,6,Nowpara,Shop
18/08/2020,21:23:00,Banded Krait (Bungarus fasciatus),Adult,,,,Paltagarh,Kitchen
17/08/2020,21:48:00,Banded Krait (Bungarus fasciatus),Adult,22.819315,88.243276,7,"JAMINBERIA,SINGUR",Backyard/ Front Garden
17/08/2020,18:26:00,Common Wolf Snake (Lycodon aulicus),Adult,22.796506,88.240939,9,Paltagarh.singur,Bedroom
15/08/2020,21:11:00,Common Wolf Snake (Lycodon aulicus),Juvenile,22.79253,88.237675,8,"Paltagarh, singur hooghly",Bedroom
15/08/2020,16:00:00,Common Rat Snake (Ptyas mucosa),Adult,22.824834,88.222639,4,Gopalnagar Purbapara,Bedroom
15/08/2020,16:00:00,Common Rat Snake (Ptyas mucosa),Adult,22.824714,88.222845,4,Gopalnagar Purba para,Bedroom
15/08/2020,10:32:00,Spectacled Cobra (Naja naja),Adult,22.805909,88.219191,9,Mirzapur paschim para,Store Room
14/08/2020,21:35:00,Common Wolf Snake (Lycodon aulicus),Adult,22.83716,88.185025,2,Kinkar bati dakshin para,Bedroom
13/08/2020,23:56:00,Banded Krait (Bungarus fasciatus),Sub-Adult,22.880414,88.207069,2976,Kinkarbati,Rice Field
11/08/2020,21:36:00,Common Wolf Snake (Lycodon aulicus),Adult,22.795592,88.238091,9,Paltaghur.singur,Bedroom
11/08/2020,10:10:00,Banded Krait (Bungarus fasciatus),Adult,22.798968,88.213407,4,balarambati purba para,Rice Field
11/08/2020,10:01:00,Common Rat Snake (Ptyas mucosa),Adult,22.806652,88.201938,4,balarambati paschim para,Store Room
10/08/2020,18:46:00,Common Rat Snake (Ptyas mucosa),Sub-Adult,22.810901,88.229792,4,satmandirtala singur,Store Room
09/08/2020,15:18:00,Spectacled Cobra (Naja naja),Juvenile,22.77688,88.081337,8,"BHURKUL,JAGALGORI712402",Backyard/ Front Garden
09/08/2020,10:47:00,Spectacled Cobra (Naja naja),Adult,22.808635,88.214148,276,Balarambati pratarapara,Store Room
08/08/2020,22:22:00,Banded Krait (Bungarus fasciatus),Sub-Adult,22.770611,88.27624,8,"KAMLAPUR,PASCHIMPARA",Backyard/ Front Garden
08/08/2020,17:54:00,Spectacled Cobra (Naja naja),Adult,22.789737,88.229158,7,Mirzapur santra para,Store Room
08/08/2020,09:20:00,Banded Krait (Bungarus fasciatus),Adult,22.771057,88.274813,4,kamalapur singur,Bamboo Orchard
07/08/2020,13:55:00,Striped Keelback (Amphiesma stolatum),Adult,22.827464,88.171404,5,Simultala,Courtyard
07/08/2020,10:23:00,Spectacled Cobra (Naja naja),Sub-Adult,22.791629,88.225881,6,UTTAR MAMUDPUR SANTRAPARA,Backyard/ Front Garden
06/08/2020,23:09:00,Spectacled Cobra (Naja naja),Adult,22.842692,88.177421,3,Kinkarbati,Bedroom
02/08/2020,18:25:00,Monocled Cobra (Naja kaouthia),Sub-Adult,22.843662,88.217918,4,singur gopal nagar,Fishing Traps
01/08/2020,20:14:00,Common Bronzeback (Dendrelaphis tristis),Adult,22.797335,88.240854,5,paltagarh,Bedroom
01/08/2020,17:06:00,Spectacled Cobra (Naja naja),Sub-Adult,22.774572,88.221125,6,Dhiholdaeha pakira para,Backyard/ Front Garden
01/08/2020,08:44:00,Spectacled Cobra (Naja naja),Adult,22.792895,88.210059,4,Madhubati,Backyard/ Front Garden
31/07/2020,08:24:00,Banded Krait (Bungarus fasciatus),Adult,22.749637,88.226914,9,Kumragarh,Rice Field
29/07/2020,11:44:00,Common Rat Snake (Ptyas mucosa),Adult,22.799054,88.24348,6,"GHANASHYAMPUR,GRILL FACTORY",Backyard/ Front Garden
29/07/2020,10:54:00,Russell's Viper (Daboia russelii),Adult,22.802054,88.240052,8,"GHANASHYAMPUR,PANCHANANTALA",Backyard/ Front Garden
27/07/2020,15:13:00,Common Rat Snake (Ptyas mucosa),Adult,22.830839,88.174845,5,Bargachia,Backyard/ Front Garden
27/07/2020,05:52:00,Checkered Keelback (Fowlea piscator),Adult,22.792214,88.30176,4,Diyara,Fishing Net
26/07/2020,22:59:00,Russell's Viper (Daboia russelii),Juvenile,22.843462,88.176835,8,Kinkarbati,Backyard/ Front Garden
26/07/2020,22:26:00,Checkered Keelback (Fowlea piscator),Sub-Adult,22.732201,88.161008,4,Akuni,Backyard/ Front Garden
25/07/2020,19:05:00,Spectacled Cobra (Naja naja),Juvenile,22.845025,88.180038,3,Kinkarbati,Backyard/ Front Garden
25/07/2020,16:06:00,Spectacled Cobra (Naja naja),Adult,22.814401,88.216391,7,Burigram utterpara,Bathroom
25/07/2020,12:01:00,Checkered Keelback (Fowlea piscator),Adult,22.789483,88.232455,9,Mirzapur santra para,Rice Field
25/07/2020,07:21:00,Banded Krait (Bungarus fasciatus),Adult,22.843729,88.186512,9,Kinkarbati,Backyard/ Front Garden
25/07/2020,08:41:00,Russell's Viper (Daboia russelii),Sub-Adult,22.767224,88.259557,9,"BORA,TALER MORE",Store Room
24/07/2020,14:51:00,Common Rat Snake (Ptyas mucosa),Adult,22.844381,88.189639,5,Kinkarbati,Fodder Field
23/07/2020,16:42:00,Common Rat Snake (Ptyas mucosa),Sub-Adult,22.82769,88.169936,5,Simultala,Fodder Field
23/07/2020,13:38:00,Common Rat Snake (Ptyas mucosa),Adult,22.811937,88.242803,8,Mallick pur singur,Bathroom
23/07/2020,11:47:00,Diard's Worm Snake (Typhlops diardii),Adult,22.801863,88.301468,29,Uttarrajyadharpur,Kitchen
20/07/2020,10:26:00,Spectacled Cobra (Naja naja),Adult,22.824061,88.181204,5,Enayetpur,Bedroom
16/07/2020,21:45:00,Spectacled Cobra (Naja naja),Adult,22.772709,88.231867,5,sampur,Kitchen
16/07/2020,12:02:00,Spectacled Cobra (Naja naja),Juvenile,22.813983,88.2301,5,singur,Backyard/ Front Garden
16/07/2020,10:30:00,Brahminy Worm Snake (Indotyphlops braminus),Adult,22.80464,88.229024,4,apurbapur,Bedroom
15/07/2020,21:00:00,Checkered Keelback (Fowlea piscator),Adult,22.828287,88.166179,8,nalikul,Kitchen
